{
  "accuracy": 0.7806089269878805,
  "precision": 0.8135381318092516,
  "recall": 0.8928871464575749,
  "f1": 0.8513677689812157,
  "auc": 0.8133322490218614,
  "confusion_matrix": [
    [
      7727,
      7308
    ],
    [
      3825,
      31885
    ]
  ],
  "training_history": {
    "loss": [
      0.6714282631874084,
      0.5586675405502319,
      0.5244861841201782,
      0.5104023814201355,
      0.502471387386322,
      0.49775177240371704,
      0.49474653601646423,
      0.49234092235565186,
      0.49047431349754333,
      0.4889589250087738,
      0.48796728253364563,
      0.48694270849227905,
      0.4859445095062256,
      0.4851185381412506,
      0.48468175530433655,
      0.4844837188720703,
      0.4834936857223511,
      0.4826774597167969,
      0.482342004776001,
      0.4814891219139099,
      0.4812685549259186,
      0.4806533753871918,
      0.4797695279121399,
      0.4793761074542999,
      0.47898098826408386,
      0.47861140966415405,
      0.4781534671783447,
      0.4772240221500397,
      0.47689539194107056,
      0.47589415311813354,
      0.47590523958206177,
      0.4752686321735382,
      0.4746682643890381,
      0.47428634762763977,
      0.4743610918521881,
      0.4739040434360504,
      0.47356539964675903,
      0.4731658399105072,
      0.47319042682647705,
      0.47277405858039856,
      0.47003382444381714,
      0.4690682291984558,
      0.4687860310077667,
      0.46849939227104187,
      0.46836310625076294,
      0.4679938852787018,
      0.4679639935493469,
      0.4671255648136139,
      0.4676194489002228,
      0.4653261601924896
    ],
    "val_loss": [
      0.600146472454071,
      0.5396842360496521,
      0.5213733911514282,
      0.5127173662185669,
      0.5066259503364563,
      0.5030674338340759,
      0.5008328557014465,
      0.49920758605003357,
      0.4976145327091217,
      0.49672022461891174,
      0.49568378925323486,
      0.49508145451545715,
      0.49427345395088196,
      0.4938599765300751,
      0.4938327968120575,
      0.4933604598045349,
      0.49245744943618774,
      0.4933399260044098,
      0.49285900592803955,
      0.49181899428367615,
      0.4923692047595978,
      0.49260228872299194,
      0.4926232695579529,
      0.4917075037956238,
      0.4905557930469513,
      0.49080315232276917,
      0.4908992350101471,
      0.4905684292316437,
      0.4906057119369507,
      0.4899671971797943,
      0.49017447233200073,
      0.4903704822063446,
      0.49101778864860535,
      0.49048131704330444,
      0.48993444442749023,
      0.4902039170265198,
      0.4902119040489197,
      0.48974037170410156,
      0.4898797273635864,
      0.49013271927833557,
      0.48843032121658325,
      0.48799070715904236,
      0.48720866441726685,
      0.48688337206840515,
      0.48738381266593933,
      0.4870828092098236,
      0.4871218800544739,
      0.48673534393310547,
      0.4867900609970093,
      0.4867395758628845
    ],
    "accuracy": [
      0.7114088535308838,
      0.7611606121063232,
      0.7735624313354492,
      0.7769221067428589,
      0.7781283855438232,
      0.7784872651100159,
      0.7789209485054016,
      0.7798032164573669,
      0.779848039150238,
      0.7803764343261719,
      0.7802817225456238,
      0.780401349067688,
      0.7807751893997192,
      0.7813135385513306,
      0.7810643315315247,
      0.7818668484687805,
      0.7819117307662964,
      0.7818269729614258,
      0.7816824316978455,
      0.7826693654060364,
      0.7828488349914551,
      0.7832775115966797,
      0.7838008999824524,
      0.7832425832748413,
      0.7830332517623901,
      0.7834768891334534,
      0.7835367321968079,
      0.7841448187828064,
      0.7840601205825806,
      0.7839553952217102,
      0.7844040393829346,
      0.7851217985153198,
      0.7851118445396423,
      0.7852464318275452,
      0.7857100367546082,
      0.786098837852478,
      0.7863480448722839,
      0.7862035036087036,
      0.7866072654724121,
      0.7869661450386047,
      0.788217306137085,
      0.7875842452049255,
      0.7882472276687622,
      0.7883169651031494,
      0.7887656092643738,
      0.7884216904640198,
      0.7882770895957947,
      0.7881325483322144,
      0.7881375551223755,
      0.7894434928894043
    ],
    "val_accuracy": [
      0.7313233017921448,
      0.7698886394500732,
      0.7728840112686157,
      0.7748743891716003,
      0.7755049467086792,
      0.7762735486030579,
      0.7768844366073608,
      0.7769829630851746,
      0.7770420908927917,
      0.777180016040802,
      0.777416467666626,
      0.7776529788970947,
      0.7776726484298706,
      0.7776923775672913,
      0.777790904045105,
      0.7775938510894775,
      0.7782835960388184,
      0.7777317762374878,
      0.7774361968040466,
      0.7782244682312012,
      0.7774361968040466,
      0.7763523459434509,
      0.7768647074699402,
      0.7767267823219299,
      0.7776923775672913,
      0.7771602869033813,
      0.7763129472732544,
      0.7766676545143127,
      0.7764312028884888,
      0.7773967981338501,
      0.7779879570007324,
      0.778401792049408,
      0.7778106331825256,
      0.778401792049408,
      0.778618574142456,
      0.7790521383285522,
      0.7783426642417908,
      0.7789536118507385,
      0.7793871164321899,
      0.7783821225166321,
      0.7801162600517273,
      0.7804315686225891,
      0.7802739143371582,
      0.7804118394851685,
      0.7801951169967651,
      0.7801753878593445,
      0.780352771282196,
      0.7802739143371582,
      0.7803921699523926,
      0.7806089520454407
    ],
    "auc": [
      0.6583521962165833,
      0.783114492893219,
      0.8016135096549988,
      0.8059960007667542,
      0.8083691000938416,
      0.8096525073051453,
      0.810509443283081,
      0.8113543391227722,
      0.8120389580726624,
      0.8127743601799011,
      0.8129959106445312,
      0.8135983347892761,
      0.8140388131141663,
      0.8144906163215637,
      0.814501166343689,
      0.8143709301948547,
      0.8153197169303894,
      0.8159414529800415,
      0.8162357211112976,
      0.8170143961906433,
      0.8170850872993469,
      0.8173824548721313,
      0.818059504032135,
      0.8180654048919678,
      0.818230152130127,
      0.818336546421051,
      0.8187624216079712,
      0.8195161819458008,
      0.8198480606079102,
      0.8209949135780334,
      0.8214279413223267,
      0.8225162029266357,
      0.823296070098877,
      0.8235929608345032,
      0.823643684387207,
      0.8240477442741394,
      0.824497640132904,
      0.8247684836387634,
      0.8245477676391602,
      0.8249843120574951,
      0.8274129629135132,
      0.8279063105583191,
      0.8280248045921326,
      0.8280748724937439,
      0.8280366659164429,
      0.828368067741394,
      0.8283621072769165,
      0.8289582133293152,
      0.8285245299339294,
      0.8307164311408997
    ],