{
  "accuracy": 0.7814610443090101,
  "precision": 0.8217514431979087,
  "recall": 0.8812124043683934,
  "f1": 0.8504438495138791,
  "auc": 0.8197236293656314,
  "confusion_matrix": [
    [
      7776,
      6546
    ],
    [
      4068,
      30178
    ]
  ],
  "training_time": 30.93480086326599,
  "training_history": {
    "loss": [
      0.6634729504585266,
      0.5572304725646973,
      0.5240887999534607,
      0.5111929178237915,
      0.5040636658668518,
      0.49954140186309814,
      0.4962676465511322,
      0.49382728338241577,
      0.4924760162830353,
      0.4909432828426361,
      0.4902185797691345,
      0.48861241340637207,
      0.4884614646434784,
      0.48735570907592773,
      0.48678499460220337,
      0.48423096537590027,
      0.4821763336658478,
      0.48096275329589844,
      0.48139989376068115,
      0.480229914188385,
      0.479905903339386,
      0.4798620045185089,
      0.47947341203689575,
      0.4789169430732727,
      0.479200154542923,
      0.47864553332328796,
      0.4779542088508606,
      0.47827041149139404,
      0.4780760705471039,
      0.47634357213974,
      0.4755457937717438,
      0.4751567840576172,
      0.4748223125934601,
      0.4742875397205353,
      0.47400617599487305,
      0.4739343225955963,
      0.47374826669692993,
      0.47361740469932556,
      0.4731900990009308,
      0.47316715121269226,
      0.4730616509914398,
      0.4721636176109314,
      0.47254037857055664,
      0.4720761477947235,
      0.47210928797721863,
      0.47196418046951294,
      0.4719066917896271,
      0.47160667181015015,
      0.4714507460594177,
      0.471129834651947
    ],
    "val_loss": [
      0.5937426090240479,
      0.5325602889060974,
      0.5154012441635132,
      0.5068396925926208,
      0.5025060176849365,
      0.4974149763584137,
      0.49552813172340393,
      0.49394652247428894,
      0.4925685226917267,
      0.4913083016872406,
      0.49166783690452576,
      0.49145734310150146,
      0.49000129103660583,
      0.4907984137535095,
      0.4906182885169983,
      0.4867909252643585,
      0.4862215518951416,
      0.4854852855205536,
      0.4853174090385437,
      0.4851721525192261,
      0.48468783497810364,
      0.4847593307495117,
      0.48448148369789124,
      0.48436495661735535,
      0.48367977142333984,
      0.48398157954216003,
      0.4838208556175232,
      0.48465341329574585,
      0.48403114080429077,
      0.4820683002471924,
      0.48189374804496765,
      0.481872022151947,
      0.4819653332233429,
      0.482067734003067,
      0.4822024405002594,
      0.4822026789188385,
      0.48218822479248047,
      0.48209401965141296,
      0.48213112354278564,
      0.4822569191455841,
      0.4821926951408386,
      0.4821487367153168,
      0.4821593165397644,
      0.48223456740379333,
      0.48239436745643616,
      0.4821026623249054,
      0.4819461405277252,
      0.4820168912410736,
      0.4821135997772217,
      0.4818057119846344
    ],
    "accuracy": [
      0.7186732888221741,
      0.7606931328773499,
      0.7733591794967651,
      0.7759429216384888,
      0.7770550847053528,
      0.7779537439346313,
      0.7796444296836853,
      0.779650092124939,
      0.7790827751159668,
      0.7796388268470764,
      0.7803802490234375,
      0.7810093760490417,
      0.7810655236244202,
      0.781778872013092,
      0.7814530730247498,
      0.7828629016876221,
      0.7835313081741333,
      0.7828011512756348,
      0.7826494574546814,
      0.7834358215332031,
      0.7831550240516663,
      0.7833852767944336,
      0.7837335467338562,
      0.783941388130188,
      0.7835481762886047,
      0.7836155891418457,
      0.7834526896476746,
      0.7840480804443359,
      0.7834302186965942,
      0.7850590944290161,
      0.7856208086013794,
      0.7852557301521301,
      0.7858623266220093,
      0.7859072685241699,
      0.78641277551651,
      0.7858567237854004,
      0.7867217063903809,
      0.7866992354393005,
      0.7869688272476196,
      0.7873227000236511,
      0.7868227958679199,
      0.7873620390892029,
      0.7867722511291504,
      0.7869969606399536,
      0.787120521068573,
      0.7874855995178223,
      0.7876653671264648,
      0.7870419025421143,
      0.787760853767395,
      0.7876484990119934
    ],
    "val_accuracy": [
      0.7317575216293335,
      0.7697043418884277,
      0.773472249507904,
      0.7747899889945984,
      0.7756547331809998,
      0.7777960896492004,
      0.7777960896492004,
      0.777672529220581,
      0.7780637741088867,
      0.7789285182952881,
      0.7792167663574219,
      0.7783520221710205,
      0.7796903252601624,
      0.7787020206451416,
      0.7790108919143677,
      0.781069815158844,
      0.781522810459137,
      0.7816875576972961,
      0.7810080647468567,
      0.7818728089332581,
      0.7815639972686768,
      0.7813786864280701,
      0.7813581228256226,
      0.7813581228256226,
      0.781522810459137,
      0.7814610600471497,
      0.7815433740615845,
      0.781275749206543,
      0.7811521887779236,
      0.7811110019683838,
      0.7814198732376099,
      0.7810904383659363,
      0.7811728119850159,
      0.7818110585212708,
      0.7815433740615845,
      0.7817904949188232,
      0.7817286849021912,
      0.7816051840782166,
      0.7815845608711243,
      0.781831681728363,
      0.7819963693618774,
      0.7820169925689697,
      0.7815845608711243,
      0.7819551825523376,
      0.7819346189498901,
      0.7814198732376099,
      0.7819139957427979,
      0.7815022468566895,
      0.781275749206543,
      0.7814610600471497
    ],
    "auc": [
      0.6679717898368835,
      0.7787055969238281,
      0.7995165586471558,
      0.803621232509613,
      0.8060124516487122,
      0.8076612949371338,
      0.8087611794471741,
      0.8098140358924866,
      0.810260534286499,
      0.8111668825149536,
      0.8114795684814453,
      0.8126897215843201,
      0.8126237988471985,
      0.8134450912475586,
      0.8137694597244263,
      0.815960168838501,
      0.817363440990448,
      0.8181284070014954,
      0.8174377679824829,
      0.8184653520584106,
      0.8185549974441528,
      0.818541944026947,
      0.8186992406845093,
      0.8191612958908081,
      0.8187419176101685,
      0.8192339539527893,
      0.819931149482727,
      0.8196803331375122,
      0.8200792670249939,
      0.821781575679779,
      0.8224654197692871,
      0.8229919672012329,
      0.8235389590263367,
      0.824188768863678,
      0.8245920538902283,
      0.824828028678894,
      0.8251228332519531,
      0.8254520893096924,
      0.8259250521659851,
      0.8259956240653992,
      0.8261318206787109,
      0.8271052837371826,
      0.8266768455505371,
      0.8270723819732666,
      0.8271278142929077,
      0.8271911144256592,
      0.8273100852966309,
      0.8274632692337036,
      0.8276051878929138,
      0.8278428912162781
    ],