{
  "pearson": 0.689928536955332,
  "spearman": 0.698895694135115,
  "n": 449
}