{
  "pearson": 0.6673295420234695,
  "spearman": 0.6651661098737937,
  "n": 449
}