{
  "pearson": 0.693270961428391,
  "spearman": 0.6985294039664862,
  "n": 449
}