{
  "pearson": 0.6969711019630849,
  "spearman": 0.7033162318379467,
  "n": 449
}