{
  "pearson": 0.6898140109636043,
  "spearman": 0.6963258298865203,
  "n": 449
}