{
  "pearson": 0.6851414782161722,
  "spearman": 0.6864755011135857,
  "n": 449
}