{
  "pearson": 0.5267116316197527,
  "spearman": 0.549026142751087,
  "n": 449,
  "disc_corr_orig_vs_pred_disc": -0.13724911656186511,
  "disc_corr_orig_diff_vs_pred_disc": 0.46103306735622046,
  "disc_corr_pred_diff_vs_pred_disc": 0.9224948184241457
}