{
  "pearson": 0.6841362862710846,
  "spearman": 0.6948343108639012,
  "n": 449
}