{
  "pearson": 0.5390356410073338,
  "spearman": 0.5567919450631031,
  "n": 449,
  "disc_corr_orig_vs_pred_disc": -0.1725470173686454,
  "disc_corr_orig_diff_vs_pred_disc": 0.4820308103286114,
  "disc_corr_pred_diff_vs_pred_disc": 0.8889248447522108
}