{
    "boosting_type": "gbdt",
    "learning_rate": 0.06446283684498844,
    "num_leaves": 94,
    "max_depth": 6,
    "min_data_in_leaf": 13,
    "lambda_l1": 0.7287180270156569,
    "lambda_l2": 0.0006625176193462641,
    "feature_fraction": 0.8928533820802869,
    "bagging_fraction": 0.9102582187896101,
    "bagging_freq": 2
}