{
  "pearson": 0.5714405642708414,
  "spearman": 0.5959531763707709,
  "n": 449
}