{
  "pearson": 0.5677672518154878,
  "spearman": 0.5992236716512885,
  "n": 449
}