{
  "pearson": 0.5431007529743117,
  "spearman": 0.571964153144554,
  "n": 449
}