{
  "pearson": 0.558491610838602,
  "spearman": 0.5902726959380633,
  "n": 449
}