{
  "pearson": 0.5685553708290103,
  "spearman": 0.5979681037225579,
  "n": 449
}