{
  "pearson": 0.5338730055408251,
  "spearman": 0.5683895428995651,
  "n": 449
}