{
  "pearson": 0.5796364741283319,
  "spearman": 0.5886666136387739,
  "n": 449
}