{
  "pearson": 0.5719664585714309,
  "spearman": 0.5995385247640257,
  "n": 449
}