{
  "pearson": 0.6430251726606657,
  "spearman": 0.656833328950855,
  "n": 470
}