{
  "pearson": 0.7654463166407192,
  "spearman": 0.7431625678935007,
  "n": 470
}