{
  "pearson": 0.7606474585337726,
  "spearman": 0.7345518357142714,
  "n": 470
}