{
  "pearson": 0.5944063366567193,
  "spearman": 0.6138426662424435,
  "n": 449
}