{
  "pearson": 0.5764260658088315,
  "spearman": 0.6076365468236292,
  "n": 449
}