{
  "pearson": 0.60116163817551,
  "spearman": 0.6365470887686923,
  "n": 449
}