{
  "pearson": 0.5727487435388786,
  "spearman": 0.6024193976031392,
  "n": 449
}